day_cos,day_sin,Arroyo,Calatayud,Mendavia,Miranda,castejon,palazuelos,ebro,mansilla,tranquera,yesa,caudal_arroyo,caudal_calatayud,caudal_mendavia,caudal_miranda,caudal_castejon,caudal_palazuelos,pred
-0.8738071036110806,0.4862727071086904,1.18,13.12,464.1,408.9,5.37,5.87,461.703,64.533,67.744,396.377,1.18,13.12,464.1,408.9,1122.0,407.0,3.03
0.436651231956064,0.8996308696522433,23.05,8.15,482.4,189.9,6.19,3.09,511.698,61.106,60.712,404.018,23.05,8.15,482.4,189.9,1464.0,122.98,4.36
0.9291414114031744,0.3697245428906731,1.2,4.49,539.5,194.6,6.29,4.06,269.302,56.269,26.643,412.581,1.2,4.49,539.5,194.6,1426.0,206.44,4.75
0.0559169901006032,0.9984354211555644,1.41,9.36,526.1,201.3,5.47,3.12,450.531,62.008,35.741,366.05,1.41,9.36,526.1,201.3,1024.0,125.11,3.38
0.5416278206559814,0.8406184056344782,30.88,4.99,1096.1,710.0,7.43,7.57,515.985,60.625,57.235,407.584,30.88,4.99,1096.1,710.0,2367.0,589.65,4.94
0.702527474169157,0.7116566222817747,1.37,4.67,680.3,267.1,6.15,4.5,350.314,59.154,29.514,390.004,1.37,4.67,680.3,267.1,1350.0,250.06,3.93
0.3415707691678556,0.9398560579418954,1.45,5.63,833.1,484.9,6.17,5.62,420.564,58.751,57.053,393.663,1.45,5.63,833.1,484.9,1451.0,365.59,3.63
0.1244792638867893,0.9922222094179324,14.32,44.77,691.6,208.6,5.92,3.56,495.856,59.852,61.564,376.756,14.32,44.77,691.6,208.6,1303.0,162.25,3.84
-0.0988201387328714,0.9951053111006976,1.08,8.2,320.8,124.8,4.51,2.39,357.128,59.604,46.822,391.734,1.08,8.2,320.8,124.8,761.0,67.51,3.2
0.4211008707960896,0.907013812802636,41.73,5.33,394.4,189.6,5.19,3.47,503.151,60.602,58.427,367.146,41.73,5.33,394.4,189.6,930.0,154.91,3.48
0.7498264012045686,0.6616346182422783,1.33,5.19,544.1,242.2,6.04,4.22,334.301,59.649,29.051,388.471,1.33,5.19,544.1,242.2,1299.0,221.83,4.25
0.8239230057575543,0.5667017562911175,44.93,6.03,370.4,158.7,5.03,3.12,493.431,51.981,59.587,215.883,44.93,6.03,370.4,158.7,862.0,125.19,3.07
0.9158642882672872,-0.4014879892059729,1.51,7.32,656.7,298.0,5.65,4.96,276.806,31.364,40.54,86.45,1.51,7.32,656.7,298.0,1091.0,296.99,3.31
0.8239230057575543,0.5667017562911175,1.53,5.52,658.2,475.7,5.38,6.29,270.703,55.111,37.407,395.212,1.53,5.52,658.2,475.7,1234.0,448.33,3.81
0.0730951298980775,0.9973249731081556,39.86,11.3,690.8,311.2,5.53,4.66,506.809,59.762,62.326,371.742,39.86,11.3,690.8,311.2,1092.0,265.97,3.51
0.4054257283599973,0.9141279881853336,1.37,13.4,445.3,195.6,5.05,3.28,402.589,61.683,32.284,383.145,1.37,13.4,445.3,195.6,848.0,138.8,3.01
0.0730951298980775,0.9973249731081556,1.14,6.4,844.4,500.8,6.13,5.93,332.768,57.731,45.26,404.215,1.14,6.4,844.4,500.8,1472.0,400.15,3.75
0.8609610158889943,0.5086709438521044,1.38,8.46,547.9,309.5,5.0,5.25,390.441,58.997,44.002,395.212,1.38,8.46,547.9,309.5,1048.0,332.53,3.63
0.5560174366570445,0.831170626365808,18.89,4.95,971.4,701.5,7.44,7.95,507.42,60.283,57.053,379.376,18.89,4.95,971.4,701.5,2379.0,636.44,4.61
0.9852201067560606,-0.1712931441814778,1.13,19.07,283.8,99.4,4.56,2.22,335.836,58.417,70.759,366.598,1.13,19.07,283.8,99.4,850.0,57.23,3.33
0.6118864012687244,0.7909456567567772,1.18,2.96,415.0,171.0,5.39,2.85,295.943,40.867,26.146,358.625,1.18,2.96,415.0,171.0,1029.0,103.06,3.31
-0.9441875088341992,0.3294084822245304,1.28,6.66,158.8,43.8,5.05,1.92,534.431,62.755,53.26,409.377,1.28,6.66,158.8,43.8,944.0,36.12,3.44
0.3415707691678556,0.9398560579418954,1.1,6.26,537.9,349.6,5.99,5.23,376.845,51.777,51.701,276.421,1.1,6.26,537.9,349.6,1388.0,324.09,3.39
0.8695893893466109,-0.4937755501599773,1.09,7.66,816.5,180.3,5.88,3.48,246.869,29.56,39.875,81.862,1.09,7.66,816.5,180.3,1204.0,156.06,3.06
0.3896304495307879,0.9209712877166346,52.84,9.7,624.7,314.5,5.33,5.03,533.199,60.17,77.653,355.402,52.84,9.7,624.7,314.5,1043.0,302.86,3.19
0.5123714121284237,0.8587639582758029,70.03,5.04,775.8,385.9,6.64,5.52,516.598,61.152,57.509,396.572,70.03,5.04,775.8,385.9,1747.0,354.09,5.9
-0.0816763953304224,0.9966589017541702,1.1,8.3,351.8,143.3,4.87,2.65,355.025,59.739,46.66,390.58,1.1,8.3,351.8,143.3,893.0,86.73,4.02
0.9880226656636976,-0.154308820664281,1.18,6.19,629.4,207.7,6.15,3.67,383.344,62.802,55.966,379.189,1.18,6.19,629.4,207.7,1342.0,172.62,3.51
0.869589389346611,0.4937755501599772,1.19,5.12,306.1,135.4,5.12,3.29,291.59,59.717,27.623,395.212,1.19,5.12,306.1,135.4,872.0,139.91,3.46
0.6648553979642865,0.7469720876965552,1.32,4.49,351.1,182.7,5.24,3.66,357.654,59.468,29.888,379.189,1.32,4.49,351.1,182.7,924.0,171.29,3.45
0.3896304495307879,0.9209712877166346,1.29,10.67,511.7,252.0,4.93,4.0,318.617,54.665,76.25,409.377,1.29,10.67,511.7,252.0,910.0,202.06,3.25
0.9574851883550392,-0.288482432880609,1.0,7.0,311.2,168.6,5.79,2.8,295.458,35.478,64.934,239.963,1.0,7.0,311.2,168.6,1161.0,100.51,3.47
0.6254105729852463,0.7802958510707755,1.18,2.95,571.4,244.6,5.56,3.77,292.072,40.051,26.058,352.379,1.18,2.95,571.4,244.6,1112.0,180.32,3.03
-0.9322892131745132,0.3617137307297676,1.97,7.52,336.0,111.8,6.52,2.8,533.815,62.872,52.955,431.827,1.97,7.52,336.0,111.8,1557.0,98.89,3.33
0.4211008707960896,0.907013812802636,1.37,13.36,449.8,212.7,5.01,3.54,395.942,60.056,32.121,375.265,1.37,13.36,449.8,212.7,827.0,161.15,3.02
0.9623090774541484,-0.271958157534106,1.3,7.58,285.6,101.8,4.72,2.12,313.13,40.797,41.174,207.333,1.3,7.58,285.6,101.8,692.0,48.73,3.48
0.4975132889071806,0.8674563547295968,1.37,5.47,843.3,263.0,6.08,3.74,381.714,57.511,55.07,384.851,1.37,5.47,843.3,263.0,1396.0,178.15,3.59
0.1244792638867893,0.9922222094179324,1.17,4.62,872.2,498.6,5.79,5.99,317.116,57.052,44.786,403.426,1.17,4.62,872.2,498.6,1285.0,401.13,3.33
0.7829801036770628,0.6220467484408675,1.39,5.1,584.1,290.2,5.91,4.85,321.627,60.397,28.682,397.35,1.39,5.1,584.1,290.2,1235.0,287.93,3.89
0.7146733860429609,0.6994583270516471,1.38,4.86,595.6,337.6,5.81,5.51,346.669,59.042,29.39,380.692,1.38,4.86,595.6,337.6,1189.0,353.89,3.81
0.9927487224577402,-0.1202080448993527,1.13,5.35,285.8,96.6,5.02,2.31,387.704,59.536,56.463,374.149,1.13,5.35,285.8,96.6,811.0,61.85,3.12
0.4825077417612184,0.8758917051442429,44.43,8.87,655.1,283.7,5.28,4.26,514.759,61.868,59.961,384.471,44.43,8.87,655.1,283.7,1033.0,225.75,3.12
0.4825077417612184,0.8758917051442429,1.32,5.35,423.3,183.8,5.17,3.01,383.344,57.93,55.249,385.611,1.32,5.35,423.3,183.8,935.0,116.0,3.5
0.9623090774541486,0.2719581575341055,1.17,8.71,739.8,231.4,6.7,3.75,416.602,55.967,64.059,404.018,1.17,8.71,739.8,231.4,1791.0,178.79,4.11
0.7829801036770628,0.6220467484408675,1.0,5.61,625.7,246.2,5.44,4.02,299.835,57.775,38.366,392.697,1.0,5.61,625.7,246.2,1266.0,202.81,5.54
0.6118864012687244,0.7909456567567772,19.9,5.5,706.5,515.2,5.7,6.28,494.037,60.192,56.463,382.578,19.9,5.5,706.5,515.2,1189.0,437.95,3.32
-0.1500553983446526,0.9886775902323404,1.18,6.53,241.0,115.7,5.32,2.26,402.589,59.333,33.403,386.753,1.18,6.53,241.0,115.7,991.0,60.75,3.57
0.5560174366570445,0.831170626365808,1.16,58.8,428.3,191.0,4.71,3.75,336.348,59.019,42.459,389.62,1.16,58.8,428.3,191.0,844.0,182.29,3.35
0.9668478136052776,0.255353295116187,1.18,10.61,740.8,548.1,5.92,6.69,414.345,54.665,63.237,412.179,1.18,10.61,740.8,548.1,1369.0,488.58,3.03
0.0387222808921744,0.9992500112396836,33.81,8.45,416.2,174.0,4.95,3.31,505.589,60.443,62.757,379.752,33.81,8.45,416.2,174.0,826.0,141.31,3.18
0.4211008707960896,0.907013812802636,1.31,6.79,411.2,153.4,4.73,3.04,499.499,63.202,53.786,395.406,1.31,6.79,411.2,153.4,931.0,118.08,3.84
0.4673592171580022,0.8840675099433636,1.0,9.23,291.1,109.5,4.99,2.39,351.881,60.946,44.668,394.824,1.0,9.23,291.1,109.5,945.0,67.63,3.44
0.4520722039323043,0.8919813464595485,1.44,7.56,829.2,464.5,5.41,6.4,491.616,65.497,52.824,405.798,1.44,7.56,829.2,464.5,1254.0,454.58,3.87
0.8039279618328213,0.5947266869607633,1.37,4.84,384.1,212.8,5.52,4.19,314.124,60.602,28.469,394.631,1.37,4.84,384.1,212.8,1048.0,219.38,3.33
-0.2177232303965317,0.9760105506323684,1.12,22.66,516.2,180.6,6.6,2.98,411.532,59.626,35.741,415.805,1.12,22.66,516.2,180.6,1729.0,113.88,5.3
0.2428497220959358,0.970063921851507,1.03,33.73,357.2,86.5,5.59,1.95,428.542,61.521,75.577,400.673,1.03,33.73,357.2,86.5,1061.0,38.13,3.04
0.9088176373395028,-0.4171936026123169,1.32,4.32,546.2,245.9,5.53,4.34,149.012,45.566,23.32,289.138,1.32,4.32,546.2,245.9,1309.0,234.47,4.28
0.7146733860429609,0.6994583270516471,40.19,9.97,418.6,187.1,5.57,3.25,521.508,60.033,75.215,393.856,40.19,9.97,418.6,187.1,1156.0,135.86,4.23
-0.2344913895704096,0.9721181966290612,1.18,14.82,406.4,150.1,5.95,2.62,412.656,59.401,36.54,406.393,1.18,14.82,406.4,150.1,1318.0,84.51,5.1
-0.8287700871745035,0.5595892624101769,1.1,6.02,278.2,109.5,5.17,2.23,453.46,64.725,66.455,410.176,1.1,6.02,278.2,109.5,1013.0,56.3,3.03
0.8429415373547828,0.5380051715382996,1.18,5.6,879.9,292.9,7.1,4.3,443.535,58.975,53.392,319.055,1.18,5.6,879.9,292.9,2093.0,230.01,4.63
0.1415402952170432,0.989932495087353,13.43,33.06,544.8,175.5,5.61,2.95,493.431,60.079,61.232,372.666,13.43,33.06,544.8,175.5,1147.0,112.89,3.15
0.3896304495307879,0.9209712877166346,1.37,11.88,371.5,139.7,5.29,2.61,405.932,62.474,32.414,385.421,1.37,11.88,371.5,139.7,947.0,84.05,3.25
0.0043035382962442,0.99999073973619,1.43,11.41,548.9,195.3,6.15,3.2,459.932,61.037,36.715,381.069,1.43,11.41,548.9,195.3,1352.0,131.89,4.5
0.9523775757303976,0.304921224656289,1.32,4.15,634.2,268.4,6.35,5.0,247.768,41.728,26.175,362.957,1.32,4.15,634.2,268.4,1451.0,301.29,4.19
0.3896304495307879,0.9209712877166346,1.19,5.68,443.5,233.2,5.53,3.56,282.015,62.802,42.996,405.996,1.19,5.68,443.5,233.2,1171.0,163.16,3.08
0.6387494220515272,0.7694148268839378,28.02,5.35,497.6,269.8,5.49,4.17,486.181,60.42,56.147,379.001,28.02,5.35,497.6,269.8,1077.0,217.14,4.13
0.9226395488404876,-0.3856634062436074,1.48,7.5,550.5,360.3,5.6,5.64,282.966,33.045,40.614,90.871,1.48,7.5,550.5,360.3,1064.0,367.78,3.34
0.3090169943749474,0.9510565162951536,1.28,5.58,448.3,224.7,5.24,3.36,427.398,58.395,57.417,398.13,1.28,5.58,448.3,224.7,958.0,145.49,3.58
0.5842981736283684,0.811539059007361,40.01,5.31,722.5,419.9,6.07,5.74,497.069,60.079,56.78,376.756,40.01,5.31,722.5,419.9,1391.0,377.7,4.0
0.901501684131884,0.4327755925504312,31.64,10.32,304.6,133.9,4.94,2.56,519.052,59.807,73.104,376.01,31.64,10.32,304.6,133.9,872.0,80.29,3.14
-0.0473213883224318,0.9988797155850336,1.0,12.5,379.7,124.1,6.31,2.65,349.271,59.875,46.378,403.82,1.0,12.5,379.7,124.1,1560.0,87.47,5.1
0.7935716089521474,0.6084768701151261,1.29,4.96,498.5,253.7,5.96,4.39,319.117,60.557,28.591,394.243,1.29,4.96,498.5,253.7,1260.0,239.03,3.58
0.4211008707960896,0.907013812802636,0.91,7.76,247.2,77.5,4.69,1.83,356.602,60.969,45.538,392.312,0.91,7.76,247.2,77.5,827.0,31.2,3.5
-0.9051931898913974,0.4250003399695541,1.1,8.63,369.5,141.1,4.74,2.6,467.629,65.764,69.144,406.591,1.1,8.63,369.5,141.1,794.0,83.14,3.22
0.4520722039323043,0.8919813464595485,64.93,5.25,603.3,276.2,5.98,4.33,509.863,60.42,58.105,369.898,64.93,5.25,603.3,276.2,1335.0,232.91,4.29
0.6776147890466889,0.7354170229639855,1.31,4.3,415.2,183.5,5.65,3.69,355.55,59.423,29.763,380.88,1.31,4.3,415.2,183.5,1112.0,173.96,3.9
0.9088176373395028,0.4171936026123168,1.28,4.81,611.5,302.9,5.78,4.33,280.59,57.797,27.027,396.183,1.28,4.81,611.5,302.9,1172.0,231.75,3.45
0.436651231956064,0.8996308696522433,1.35,7.66,973.4,250.7,5.91,3.93,492.826,62.031,53.348,391.349,1.35,7.66,973.4,250.7,1532.0,195.05,4.12
0.8520775211013093,0.5234156073655503,16.13,10.23,349.2,114.0,4.81,2.27,516.598,61.613,73.874,370.082,16.13,10.23,349.2,114.0,822.0,58.64,3.19
0.8779600847008882,0.4787338401157884,1.21,4.76,450.1,180.9,5.85,3.67,290.626,59.401,27.503,393.663,1.21,4.76,450.1,180.9,1205.0,171.29,3.9
0.7721565844991642,0.6354323008901774,1.35,5.07,778.4,403.5,6.31,5.58,327.684,60.17,28.805,396.766,1.35,5.07,778.4,403.5,1427.0,361.53,3.98
-0.012910296075009,0.999916658654738,1.39,10.25,535.2,200.1,5.84,3.1,462.294,59.717,37.031,375.079,1.39,10.25,535.2,200.1,1204.0,123.07,4.18
0.436651231956064,0.8996308696522433,53.12,5.25,481.9,222.4,5.64,3.82,506.199,60.557,58.243,367.695,53.12,5.25,481.9,222.4,1149.0,184.89,4.02
0.7611042586607746,0.6486295610349815,1.0,5.53,420.0,177.5,4.41,3.13,304.239,57.511,38.853,395.6,1.0,5.53,420.0,177.5,781.0,125.92,3.43
0.9574851883550392,-0.288482432880609,1.18,4.11,454.0,148.3,6.84,2.72,335.324,56.399,54.493,428.499,1.18,4.11,454.0,148.3,1727.0,93.09,3.29
0.8140460935082179,0.5808002734538008,1.18,5.7,469.6,207.1,5.02,3.26,454.634,59.154,53.874,326.865,1.18,5.7,469.6,207.1,858.0,136.59,3.36
0.893918596519257,0.4482293417404106,1.46,5.7,375.9,153.5,5.52,2.78,476.572,58.506,52.347,390.772,1.46,5.7,375.9,153.5,1131.0,97.64,3.79
0.8520775211013093,0.5234156073655503,1.1,5.2,508.0,183.2,4.62,2.93,261.886,57.468,36.696,392.89,1.1,5.2,508.0,183.2,878.0,109.01,3.28
0.5416278206559814,0.8406184056344782,1.0,45.16,464.6,198.6,5.94,3.46,340.46,59.92,42.919,399.889,1.0,45.16,464.6,198.6,1356.0,153.86,4.39
0.5270777086423722,0.8498170915275278,0.92,22.74,363.1,121.7,5.47,2.58,342.008,60.17,43.343,394.05,0.92,22.74,363.1,121.7,1142.0,81.28,4.84
0.8609610158889943,0.5086709438521044,17.98,9.79,409.4,147.8,5.32,2.66,517.211,61.961,73.771,369.714,17.98,9.79,409.4,147.8,1041.0,87.86,3.69
-0.2843591872810036,0.9587178169872964,1.18,11.97,319.8,129.7,5.17,2.16,417.167,59.333,38.204,384.851,1.18,11.97,319.8,129.7,921.0,51.25,3.66
0.6254105729852463,0.7802958510707755,19.88,5.58,461.0,339.5,4.99,5.18,487.99,60.329,56.327,378.626,19.88,5.58,461.0,339.5,841.0,323.75,3.31
0.8335557718385699,0.5524353131676196,1.19,7.13,453.4,230.5,4.74,3.73,415.472,59.626,45.062,403.031,1.19,7.13,453.4,230.5,930.0,176.67,3.55
-0.0473213883224318,0.9988797155850336,1.38,9.38,374.4,149.0,4.96,2.56,465.848,59.581,37.633,376.569,1.38,9.38,374.4,149.0,805.0,79.67,3.26
0.869589389346611,0.4937755501599772,26.21,10.06,484.5,182.8,5.7,3.17,517.211,62.008,73.617,381.634,26.21,10.06,484.5,182.8,1217.0,129.03,4.09
-0.2678143051621742,0.9634705485641488,1.19,17.05,380.1,143.6,5.71,2.44,416.037,59.289,37.668,387.134,1.19,17.05,380.1,143.6,1190.0,70.99,4.1
-0.18399835165768,0.9829265519799822,1.12,55.17,696.4,315.5,6.97,4.65,408.168,59.671,34.105,395.406,1.12,55.17,696.4,315.5,1993.0,265.88,4.77
0.8039279618328213,0.5947266869607633,1.46,5.9,1153.3,430.4,7.1,5.87,290.626,56.964,37.885,395.018,1.46,5.9,1153.3,430.4,2447.0,390.94,5.13
-0.8820480249558534,0.4711595076738641,1.17,11.14,974.9,608.3,6.37,6.45,464.07,65.134,68.093,404.413,1.17,11.14,974.9,608.3,1584.0,460.2,3.98
0.9413173175128472,0.3375228995941133,1.31,4.49,902.9,485.6,7.2,6.94,262.808,52.37,26.408,416.412,1.31,4.49,902.9,485.6,1987.0,517.05,4.45
0.0559169901006032,0.9984354211555644,30.36,6.48,336.3,209.8,4.73,3.45,514.759,59.875,65.423,382.389,30.36,6.48,336.3,209.8,828.0,152.97,3.06
-0.2008905551306352,0.97961369164549,1.09,47.52,823.2,236.3,7.53,3.38,409.848,59.739,34.679,411.177,1.09,47.52,823.2,236.3,2463.0,146.86,5.14
-0.3008198076356675,0.9536809966304456,1.18,8.58,275.8,95.4,4.82,1.88,418.298,59.491,38.6,384.281,1.18,8.58,275.8,95.4,775.0,33.88,3.11
0.7935716089521474,0.6084768701151261,1.25,5.6,804.7,343.5,6.32,5.07,296.428,57.643,38.125,393.856,1.25,5.6,804.7,343.5,1833.0,306.8,5.53
0.4673592171580022,0.8840675099433636,1.58,7.85,673.6,258.1,5.42,4.42,482.57,64.27,52.477,404.413,1.58,7.85,673.6,258.1,1255.0,245.02,3.47
0.4673592171580022,0.8840675099433636,34.23,8.88,490.7,248.3,5.8,3.86,512.31,61.66,60.242,395.018,34.23,8.88,490.7,248.3,1257.0,188.7,3.56
0.8779600847008882,0.4787338401157884,35.85,9.81,703.7,243.7,6.11,3.71,519.052,61.014,73.463,391.349,35.85,9.81,703.7,243.7,1421.0,175.28,4.18
0.373719714790469,0.9275416835791966,1.19,5.74,323.8,205.0,4.61,3.45,286.307,62.591,43.111,406.393,1.19,5.74,323.8,205.0,806.0,153.93,3.2
0.7721565844991642,0.6354323008901774,1.0,5.52,503.0,192.0,4.73,3.39,301.789,57.687,38.6,395.6,1.0,5.52,503.0,192.0,925.0,147.88,4.38
0.9226395488404876,-0.3856634062436074,1.2,4.4,527.6,181.3,4.69,3.24,159.756,47.309,23.65,299.879,1.2,4.4,527.6,181.3,907.0,134.9,3.31
0.0902516100310411,0.995918996147179,28.7,14.98,564.9,354.9,5.4,5.5,504.369,59.468,62.087,372.481,28.7,14.98,564.9,354.9,1030.0,353.31,3.71
-0.012910296075009,0.999916658654738,1.07,18.04,426.4,170.4,5.47,2.91,346.15,59.649,46.017,404.413,1.07,18.04,426.4,170.4,1144.0,107.59,3.97
0.6518989958787126,0.7583058084785624,1.32,4.44,371.9,185.2,5.12,3.73,359.764,59.536,30.014,378.439,1.32,4.44,371.9,185.2,873.0,177.02,3.14
0.7498264012045686,0.6616346182422783,1.0,5.51,384.5,158.9,4.32,2.94,306.205,57.599,39.071,395.988,1.0,5.51,384.5,158.9,739.0,109.91,3.1
0.6648553979642865,0.7469720876965552,30.28,5.04,1014.6,528.3,6.57,6.13,486.784,60.397,55.831,382.767,30.28,5.04,1014.6,528.3,1701.0,422.46,4.16
0.9668478136052776,-0.2553532951161872,1.18,4.11,173.4,61.9,5.38,1.65,336.348,57.533,54.803,390.58,1.18,4.11,173.4,61.9,965.0,24.01,3.61
0.901501684131884,0.4327755925504312,1.46,5.7,536.8,273.0,6.12,4.17,474.778,58.151,52.217,399.693,1.46,5.7,536.8,273.0,1423.0,222.08,3.43
0.9523775757303976,0.304921224656289,1.1,7.5,334.2,150.0,4.56,2.8,422.268,58.863,64.983,396.183,1.1,7.5,334.2,150.0,727.0,98.68,3.04
0.8239230057575543,0.5667017562911175,1.18,5.7,610.8,281.8,5.35,4.1,450.531,59.378,53.742,324.858,1.18,5.7,610.8,281.8,1007.0,210.48,3.91
0.9927487224577402,0.1202080448993527,1.1,11.74,325.1,106.6,4.7,2.53,347.709,60.602,36.855,402.047,1.1,11.74,325.1,106.6,910.0,77.65,3.05
0.5270777086423722,0.8498170915275278,56.84,5.02,1031.3,444.2,7.16,5.69,518.438,60.969,57.372,409.777,56.84,5.02,1031.3,444.2,2136.0,372.73,5.5
0.941317317512847,-0.3375228995941134,1.37,7.69,1293.4,587.0,7.65,6.14,301.789,37.185,40.875,162.314,1.37,7.69,1293.4,587.0,2461.0,423.18,4.13
0.4825077417612184,0.8758917051442429,71.27,4.77,720.1,344.8,6.16,5.07,513.534,61.198,57.829,385.801,71.27,4.77,720.1,344.8,1443.0,307.1,4.73
0.9574851883550392,-0.288482432880609,1.34,7.68,383.9,124.3,5.47,2.56,311.64,40.207,41.099,201.301,1.34,7.68,383.9,124.3,1011.0,80.09,4.96
0.4673592171580022,0.8840675099433636,71.28,5.16,639.1,316.2,6.13,4.87,512.31,60.969,58.013,379.001,71.28,5.16,639.1,316.2,1423.0,286.7,4.44
0.3090169943749474,0.9510565162951536,1.1,6.2,304.7,124.4,4.73,2.6,382.257,54.263,52.045,294.241,1.1,6.2,304.7,124.4,845.0,82.98,3.46
0.0559169901006032,0.9984354211555644,39.92,9.33,533.2,218.9,5.4,3.69,506.809,60.101,62.565,377.129,39.92,9.33,533.2,218.9,1027.0,172.58,3.5
0.9523775757303972,-0.3049212246562894,1.37,7.67,658.5,169.3,6.56,3.22,309.659,39.502,41.024,193.702,1.37,7.67,658.5,169.3,1659.0,133.43,5.31
0.9158642882672872,-0.4014879892059729,1.32,4.61,548.2,307.5,4.98,4.81,156.129,46.489,23.485,295.332,1.32,4.61,548.2,307.5,1038.0,281.0,3.79
-0.2511900638848191,0.9679377830240644,1.2,14.32,381.9,133.6,5.67,2.49,414.908,59.154,37.137,394.631,1.2,14.32,381.9,133.6,1167.0,75.09,4.47
0.436651231956064,0.8996308696522433,0.99,8.17,273.4,83.6,4.74,1.92,355.55,61.175,45.26,392.312,0.99,8.17,273.4,83.6,843.0,36.0,3.59
0.9574851883550392,0.288482432880609,1.19,5.85,456.9,282.8,6.53,5.47,243.285,41.147,26.058,369.53,1.19,5.85,456.9,282.8,1544.0,350.77,3.76
-0.0301203048469081,0.9995462806873572,1.0,24.65,427.1,152.9,7.06,2.65,347.709,59.875,46.217,422.932,1.0,24.65,427.1,152.9,2064.0,87.16,4.74
0.8140460935082179,0.5808002734538008,1.63,4.93,359.9,193.3,5.24,3.99,311.145,60.648,28.347,402.637,1.63,4.93,359.9,193.3,925.0,200.8,3.22
0.5981809144059164,0.8013610881746766,31.23,5.62,784.1,419.6,6.04,5.65,497.069,59.988,56.599,383.713,31.23,5.62,784.1,419.6,1371.0,368.56,3.81
0.886070621534138,0.4635502709028509,1.46,5.53,285.5,114.0,4.8,2.27,477.77,58.796,52.52,383.902,1.46,5.53,285.5,114.0,853.0,58.61,3.2
0.8429415373547828,0.5380051715382996,29.28,6.37,535.7,215.5,5.94,3.85,497.069,49.252,59.121,203.627,29.28,6.37,535.7,215.5,1315.0,188.43,3.56
0.5842981736283684,0.811539059007361,1.37,8.39,272.1,109.1,5.31,2.18,414.345,46.149,75.215,419.661,1.37,8.39,272.1,109.1,1036.0,53.07,3.01
0.7498264012045686,0.6616346182422783,35.28,10.55,612.1,258.5,5.71,4.01,521.508,59.988,74.802,373.593,35.28,10.55,612.1,258.5,1219.0,202.02,3.44
0.7266075247685656,0.687052767223667,1.46,4.84,484.3,197.5,5.86,3.95,338.915,58.997,29.297,379.376,1.46,4.84,484.3,197.5,1212.0,198.98,3.86
0.373719714790469,0.9275416835791966,1.37,10.58,290.8,117.9,4.97,2.31,408.727,62.684,32.545,382.578,1.37,10.58,290.8,117.9,812.0,61.92,3.11
0.869589389346611,0.4937755501599772,23.18,5.86,357.0,162.1,5.29,3.26,492.826,40.414,58.427,174.278,23.18,5.86,357.0,162.1,979.0,136.93,3.09
0.6901733882429719,0.7236440382959124,6.24,5.42,806.4,661.3,5.73,7.57,474.778,59.875,55.562,366.415,6.24,5.42,806.4,661.3,1201.0,590.99,3.25
0.935367949313148,-0.353676122176372,1.43,7.69,743.6,856.2,6.17,9.22,296.428,35.494,40.8,114.086,1.43,7.69,743.6,856.2,1356.0,792.14,3.59
0.886070621534138,0.4635502709028509,35.95,9.82,764.2,365.4,6.18,4.72,520.279,60.534,73.36,381.257,35.95,9.82,764.2,365.4,1464.0,272.06,3.61
0.6254105729852463,0.7802958510707755,1.37,4.38,311.4,144.6,5.0,3.3,363.47,59.604,30.233,376.942,1.37,4.38,311.4,144.6,823.0,140.37,3.03
0.7611042586607746,0.6486295610349815,1.38,5.04,739.8,273.5,6.23,4.47,331.239,59.897,28.927,393.856,1.38,5.04,739.8,273.5,1393.0,246.8,4.23
0.5123714121284237,0.8587639582758029,1.42,5.23,899.9,632.4,5.52,6.8,378.465,57.93,54.937,383.145,1.42,5.23,899.9,632.4,1091.0,501.02,3.18
0.9469877530760752,-0.3212696616923651,1.37,7.69,1059.6,311.3,7.62,4.75,307.684,38.484,40.949,181.765,1.37,7.69,1059.6,311.3,2487.0,277.11,4.79
0.702527474169157,0.7116566222817747,40.19,10.04,317.3,148.6,5.03,2.87,519.052,59.965,75.318,377.503,40.19,10.04,317.3,148.6,908.0,104.31,3.52
0.3576982388331257,0.9338372288229252,1.51,5.54,522.2,423.3,5.39,5.59,411.532,58.863,56.871,392.312,1.51,5.54,522.2,423.3,1031.0,363.22,3.04
0.5123714121284237,0.8587639582758029,0.98,15.19,282.8,90.5,4.67,2.37,344.076,60.17,43.73,388.663,0.98,15.19,282.8,90.5,818.0,66.11,4.23
0.2261156855082882,0.9741004551724204,1.37,7.16,422.3,179.6,4.94,3.04,431.981,61.06,33.837,352.734,1.37,7.16,422.3,179.6,800.0,118.45,3.04
0.4211008707960896,0.907013812802636,17.66,7.77,317.8,135.7,5.45,2.51,510.475,61.06,60.995,400.28,17.66,7.77,317.8,135.7,1110.0,76.4,3.98
0.0902516100310411,0.995918996147179,1.38,5.22,563.3,436.9,4.99,5.86,327.684,57.095,45.023,400.476,1.38,5.22,563.3,436.9,937.0,399.25,3.63
0.4520722039323043,0.8919813464595485,0.94,8.63,266.2,85.0,4.97,2.07,353.451,61.152,44.944,389.429,0.94,8.63,266.2,85.0,932.0,44.66,3.85
0.9787400799669153,-0.2051044998686192,1.19,25.65,559.3,257.1,5.35,3.92,334.301,60.079,70.26,407.385,1.19,25.65,559.3,257.1,1220.0,218.2,3.63
0.6387494220515272,0.7694148268839378,1.37,4.36,351.2,161.1,5.16,3.46,361.35,59.581,30.139,377.503,1.37,4.36,351.2,161.1,889.0,153.86,3.11
0.6776147890466889,0.7354170229639855,21.15,5.21,1009.8,695.5,6.06,7.49,483.171,60.739,55.697,375.079,21.15,5.21,1009.8,695.5,1386.0,581.57,3.72
0.9623090774541484,-0.271958157534106,1.18,4.11,232.3,83.4,6.32,2.08,335.324,57.095,54.67,415.805,1.18,4.11,232.3,83.4,1440.0,45.77,4.24
0.4520722039323043,0.8919813464595485,25.71,8.75,556.3,238.3,6.37,3.81,511.698,61.129,60.524,396.572,25.71,8.75,556.3,238.3,1569.0,183.79,4.0
0.9905324521322229,-0.1372787721132651,1.18,6.0,404.8,129.8,5.71,2.72,386.066,61.359,56.192,373.778,1.18,6.0,404.8,129.8,1119.0,92.87,3.7
0.9523775757303976,0.304921224656289,1.09,3.69,640.5,199.8,5.92,3.14,210.814,9.55,42.88,275.082,1.09,3.69,640.5,199.8,1309.0,127.39,3.66
0.2261156855082882,0.9741004551724204,1.1,26.12,336.6,74.0,5.08,1.47,429.114,61.752,75.68,404.61,1.1,26.12,336.6,74.0,835.0,16.33,3.14
0.901501684131884,0.4327755925504312,1.28,4.53,505.1,231.4,5.74,4.43,283.442,57.731,27.116,386.753,1.28,4.53,505.1,231.4,1153.0,243.87,3.68
0.8520775211013093,0.5234156073655503,1.18,5.63,1319.7,632.3,7.2,6.06,440.634,58.306,53.26,314.793,1.18,5.63,1319.7,632.3,2175.0,343.83,3.98
0.107381346664163,0.994217906893952,14.98,21.28,569.3,196.6,5.63,3.57,498.284,59.491,61.849,377.503,14.98,21.28,569.3,196.6,1143.0,164.54,4.03
-0.938377391740864,0.3456123126707335,1.51,7.29,246.6,54.4,5.98,2.13,533.815,62.849,53.129,420.069,1.51,7.29,246.6,54.4,1359.0,49.08,4.06
-0.0301203048469081,0.9995462806873572,1.37,9.69,451.6,160.5,5.45,2.69,464.07,59.581,37.349,374.521,1.37,9.69,451.6,160.5,1019.0,89.74,3.85
0.8429415373547828,0.5380051715382996,1.19,7.14,928.8,378.1,5.27,5.4,411.532,59.087,44.746,401.654,1.19,7.14,928.8,378.1,1178.0,342.54,3.65
0.9750645322571948,-0.2219215130041658,1.22,25.21,282.7,182.1,4.43,3.87,333.279,57.139,69.83,378.626,1.22,25.21,282.7,182.1,802.0,218.91,3.03
0.9088176373395028,0.4171936026123168,1.27,5.34,1110.9,794.0,6.17,7.73,484.976,38.316,57.372,162.099,1.27,5.34,1110.9,794.0,1447.0,609.95,3.27
0.3253420847119803,0.9455963874271424,1.11,6.18,520.2,198.1,5.8,3.32,380.088,53.093,51.872,286.686,1.11,6.18,520.2,198.1,1288.0,141.73,4.06
0.2926003356333486,0.9562348265919056,1.29,15.62,497.4,218.8,4.82,3.59,340.46,56.964,76.406,423.753,1.29,15.62,497.4,218.8,873.0,164.73,3.17
0.373719714790469,0.9275416835791966,48.28,9.45,462.9,242.7,4.93,4.37,530.735,60.351,77.809,356.832,48.28,9.45,462.9,242.7,867.0,236.59,3.16
0.7383263540031065,0.6744436188329455,1.28,4.86,497.2,201.2,5.77,3.71,335.836,59.356,29.174,383.524,1.28,4.86,497.2,201.2,1170.0,175.36,3.99
0.8779600847008878,-0.478733840115789,1.31,7.89,292.9,220.6,4.85,4.22,250.474,29.879,40.022,81.862,1.31,7.89,292.9,220.6,770.0,223.39,3.09
0.9574851883550392,0.288482432880609,1.19,7.77,378.8,187.1,5.39,3.31,419.997,57.555,64.544,395.018,1.19,7.77,378.8,187.1,1077.0,141.04,4.11
0.7383263540031065,0.6744436188329455,36.81,10.21,446.5,282.5,5.98,4.95,521.508,60.079,74.956,388.471,36.81,10.21,446.5,282.5,1353.0,298.25,3.9
0.886070621534138,0.4635502709028509,1.27,4.64,451.4,229.0,5.87,4.41,288.703,58.662,27.383,388.471,1.27,4.64,451.4,229.0,1215.0,240.76,3.88
0.8335557718385699,0.5524353131676196,1.13,5.2,553.3,296.9,4.63,4.7,267.44,55.153,37.169,392.119,1.13,5.2,553.3,296.9,881.0,269.87,3.11
0.2428497220959358,0.970063921851507,1.46,15.21,443.6,147.2,5.31,2.77,451.116,57.775,76.717,408.38,1.46,15.21,443.6,147.2,1034.0,97.52,3.2
0.0215160974362222,0.9997685019798908,1.37,14.37,707.7,239.2,6.52,3.58,457.574,62.802,36.365,390.772,1.37,14.37,707.7,239.2,1537.0,161.78,4.11
0.893918596519257,0.4482293417404106,1.28,4.5,472.9,219.3,6.04,4.11,285.829,57.731,27.264,393.856,1.28,4.5,472.9,219.3,1297.0,211.77,3.78
0.5702422926917871,0.8214765533024142,40.03,5.22,772.1,515.6,6.62,6.36,499.499,60.215,56.916,362.776,40.03,5.22,772.1,515.6,1737.0,450.39,4.19
0.9088176373395028,-0.4171936026123169,1.5,7.34,573.3,396.1,5.58,5.87,272.574,31.052,40.428,84.88,1.5,7.34,573.3,396.1,1057.0,391.42,3.04
0.6901733882429719,0.7236440382959124,1.3,4.14,526.6,228.9,5.95,4.18,353.451,59.289,29.639,386.943,1.3,4.14,526.6,228.9,1258.0,217.68,4.07
0.9469877530760752,0.3212696616923644,1.42,4.38,665.9,377.8,6.36,5.9,253.193,46.546,26.291,368.979,1.42,4.38,665.9,377.8,1455.0,395.67,4.25
0.901501684131884,0.4327755925504312,1.18,5.3,936.8,245.5,6.62,4.1,490.406,38.991,57.6,163.499,1.18,5.3,936.8,245.5,1742.0,213.55,3.84
0.3253420847119803,0.9455963874271424,1.3,5.6,735.8,296.8,6.07,4.08,424.545,58.595,57.235,396.183,1.3,5.6,735.8,296.8,1388.0,208.29,3.99
0.6518989958787126,0.7583058084785624,30.28,5.22,761.6,314.1,6.34,4.59,486.784,60.465,56.011,382.011,30.28,5.22,761.6,314.1,1552.0,258.61,4.45
0.0559169901006032,0.9984354211555644,1.1,6.6,729.6,312.5,6.52,4.51,336.348,58.129,45.379,403.82,1.1,6.6,729.6,312.5,1678.0,250.42,4.53
0.9574851883550392,0.288482432880609,1.17,3.67,493.0,450.7,5.96,6.1,208.724,9.427,42.765,270.501,1.17,3.67,493.0,450.7,1337.0,419.5,3.03
0.0215160974362222,0.9997685019798908,1.1,5.32,530.7,259.4,5.19,4.0,342.008,58.729,45.657,400.085,1.1,5.32,530.7,259.4,1021.0,200.58,3.8
0.8335557718385699,0.5524353131676196,1.31,5.05,410.1,198.2,5.8,3.9,304.239,60.785,28.104,410.176,1.31,5.05,410.1,198.2,1185.0,191.24,3.33
0.8335557718385699,0.5524353131676196,1.18,5.45,549.1,298.8,5.89,4.44,447.61,59.423,53.567,322.03,1.18,5.45,549.1,298.8,1294.0,244.21,4.61
-0.167051625502119,0.9859481499638304,1.18,14.8,428.0,197.9,5.9,3.05,403.702,59.333,33.636,383.145,1.18,14.8,428.0,197.9,1295.0,120.33,3.86
0.0043035382962442,0.99999073973619,1.1,5.85,508.9,214.8,5.21,3.41,344.594,59.289,45.777,398.325,1.1,5.85,508.9,214.8,1031.0,149.8,3.65
0.8140460935082179,0.5808002734538008,1.25,6.25,1016.2,837.0,6.77,7.82,283.919,56.573,37.645,408.38,1.25,6.25,1016.2,837.0,2184.0,445.4,4.48
0.9353679493131484,0.3536761221763715,1.28,4.49,901.3,315.7,7.26,5.04,266.975,54.728,26.525,417.628,1.28,4.49,901.3,315.7,2040.0,303.67,4.7
-0.1330147065341959,0.9911140639934548,1.28,7.04,197.2,61.5,5.87,1.48,401.478,59.671,33.237,404.61,1.28,7.04,197.2,61.5,1274.0,16.35,3.41
0.869589389346611,0.4937755501599772,1.3,9.49,807.7,388.7,5.12,5.33,386.066,59.244,43.575,398.715,1.3,9.49,807.7,388.7,1106.0,334.26,3.43
0.8335557718385699,0.5524353131676196,40.51,6.24,507.6,191.9,5.63,3.44,495.856,50.886,59.354,211.833,40.51,6.24,507.6,191.9,1143.0,151.96,3.51
0.0730951298980775,0.9973249731081556,30.46,6.62,576.6,236.4,5.39,3.56,515.985,60.011,65.227,382.956,30.46,6.62,576.6,236.4,1084.0,162.53,3.28
0.7266075247685656,0.687052767223667,40.13,10.1,599.0,304.7,6.39,4.42,522.737,60.033,75.111,400.476,40.13,10.1,599.0,304.7,1594.0,243.35,4.31
0.893918596519257,-0.4482293417404106,1.19,5.15,652.3,339.2,5.57,4.78,138.35,43.484,22.938,267.426,1.19,5.15,652.3,339.2,1349.0,281.95,3.55
0.0387222808921744,0.9992500112396836,1.38,14.09,635.8,271.8,5.75,4.05,455.221,63.627,36.017,382.767,1.38,14.09,635.8,271.8,1162.0,208.44,3.57
0.4054257283599973,0.9141279881853336,14.46,7.33,241.7,109.3,4.9,2.17,510.475,60.9,61.184,392.505,14.46,7.33,241.7,109.3,891.0,51.5,3.28
0.4975132889071806,0.8674563547295968,69.72,5.0,716.4,385.7,6.25,5.61,514.759,61.475,57.692,388.854,69.72,5.0,716.4,385.7,1497.0,364.2,5.26
0.8520775211013093,0.5234156073655503,1.29,7.67,741.1,565.5,4.77,7.17,403.702,59.019,44.393,398.715,1.29,7.67,741.1,565.5,944.0,544.14,3.4
0.8520775211013093,0.5234156073655503,22.68,5.99,461.5,236.9,5.49,4.24,494.037,45.998,58.843,186.16,22.68,5.99,461.5,236.9,1078.0,224.66,3.06
0.893918596519257,0.4482293417404106,1.18,5.39,364.6,129.8,5.51,2.71,492.221,39.468,57.783,165.449,1.18,5.39,364.6,129.8,1116.0,91.69,3.91
0.0387222808921744,0.9992500112396836,1.1,5.79,574.1,286.8,5.62,4.28,339.43,58.373,45.498,400.28,1.1,5.79,574.1,286.8,1207.0,227.42,4.47
0.9821256058680004,-0.1882267098432448,1.11,22.33,391.4,123.3,5.33,2.6,335.324,59.333,70.657,388.854,1.11,22.33,391.4,123.3,1210.0,90.65,3.86
0.107381346664163,0.994217906893952,3.36,4.69,692.3,304.0,5.75,4.42,320.622,56.921,44.904,401.458,3.36,4.69,692.3,304.0,1263.0,241.49,3.92
-0.8900275764346767,0.4559066935084588,1.16,18.64,927.3,293.2,6.22,4.23,465.848,65.594,68.443,412.983,1.16,18.64,927.3,293.2,1482.0,223.4,4.27
0.8239230057575543,0.5667017562911175,1.33,4.86,414.6,174.6,5.35,3.64,307.684,60.808,28.226,411.177,1.33,4.86,414.6,174.6,970.0,169.48,3.54
-0.8977433935342337,0.440518784350495,1.19,10.91,532.1,192.4,5.46,3.14,466.441,65.789,68.793,414.191,1.19,10.91,532.1,192.4,1105.0,127.03,4.1
0.9088176373395028,0.4171936026123168,25.95,10.75,431.7,178.9,5.3,3.02,520.894,59.943,73.001,379.001,25.95,10.75,431.7,178.9,1029.0,117.4,3.08
0.9015016841318838,-0.4327755925504317,1.26,4.65,551.7,233.4,6.11,4.54,142.081,44.582,23.128,279.114,1.26,4.65,551.7,233.4,1682.0,254.45,4.23
-0.0645084494493162,0.9979171608653922,1.04,9.36,366.1,146.5,5.52,2.66,352.928,59.852,46.499,392.312,1.04,9.36,366.1,146.5,1165.0,87.4,4.94
0.4975132889071806,0.8674563547295968,0.95,12.06,264.2,98.7,4.2,2.36,346.669,60.283,44.041,387.516,0.95,12.06,264.2,98.7,653.0,64.92,3.17
0.702527474169157,0.7116566222817747,1.41,6.96,369.8,148.2,5.43,2.62,339.945,61.014,52.52,396.183,1.41,6.96,369.8,148.2,1046.0,87.6,3.15
0.9291414114031744,-0.3697245428906732,1.52,7.58,648.9,302.0,5.85,5.05,286.786,34.304,40.688,99.848,1.52,7.58,648.9,302.0,1191.0,308.73,3.44
